id,fullname,job,gender,city,salary,birthday
1,Ofella Orys,Geological Engineer,Female,Wuppertal,57986,1952/04/22
2,Delcina Edgars,Software Engineer III,Female,Retiro,49872,1993/07/11
3,Marquita Possa,Programmer Analyst I,Female,Changsha,31988,1980/08/05
4,Nobie Jurkowski,Developer III,Male,Wangmeng,90669,2012/03/05
5,Darrick Dicte,Business Systems Development Analyst,Male,Votuporanga,13694,1955/12/23
6,Norbert Burgill,Software Test Engineer III,Male,Tongyuanpu,10855,2015/11/29
7,Bessie Willis,Research Assistant IV,Female,Tríkeri,46290,1976/11/16
8,Conn Candy,Developer II,Male,"Laikit, Laikit II (Dimembe)",33158,2018/03/06
9,Murray Itzig,Mechanical Systems Engineer,Male,Zhentou,74310,1995/10/07
10,Fania Powys,Business Systems Development Analyst,Female,Villanova,31072,1995/10/27
11,Brigham Febre,Software Consultant,Male,Králův Dvůr,85126,1996/01/25
12,Theressa Eastwood,Occupational Therapist,Female,Duotian,1041,1974/11/13
13,Cyrill Baldree,Database Administrator II,Male,Panoongan,64856,2010/01/07
14,Ernaline Kennewell,VP Product Management,Female,Jiancha,4867,2006/01/20
15,Merralee Ware,Graphic Designer,Female,Bethel Town,36041,1980/07/29
16,Wiatt O'Doran,Librarian,Male,Iniö,80043,1956/06/06
17,Averyl Maureen,Computer Systems Analyst IV,Female,Hřebeč,37617,1951/03/06
18,Carr Dechelle,Accounting Assistant IV,Male,Austin,16357,1957/05/03
19,Vivianne Fihelly,Graphic Designer,Female,Yinyang,79416,1985/02/04
20,Ossie Goulbourne,Pharmacist,Male,San Jose del Monte,2726,2012/07/21
21,Tony Eakle,Actuary,Female,Pointe-à-Pitre,28285,1986/02/25
22,Kin Ritchley,Cost Accountant,Male,Shigutang,68870,2013/08/13
23,Lennie Creevy,Developer I,Male,Cheb,23363,1979/11/11
24,Alonzo Del Castello,Payment Adjustment Coordinator,Male,Xieyang,31049,1973/10/15
25,Harlie Fuentes,Senior Sales Associate,Female,Maggotty,41066,1965/08/26
26,Mercedes Annatt,Recruiting Manager,Female,Mizi,61323,2009/12/20
27,Artus North,Payment Adjustment Coordinator,Male,Xiayang,65242,1976/05/30
28,Clementine Height,Civil Engineer,Female,Dewetsdorp,29424,1988/10/15
29,Rina Achrameev,Quality Engineer,Female,Khorramābād,67898,1967/08/20
30,Derril Danzig,VP Sales,Male,Had Kourt,90271,1999/11/24
31,Shayne Vellden,Office Assistant IV,Male,Geldrop,16162,2005/03/20
32,Emile Lishmund,Accountant II,Male,Ivanovskoye,87708,2005/11/18
33,Gilli Lidierth,Recruiter,Female,Dinalongan,2920,2010/08/03
34,Goober Dyas,Human Resources Assistant III,Male,Oebatu,80279,1970/07/12
35,Luca Wittman,Analyst Programmer,Male,Babakantonggoh,91541,2018/04/26
36,Tonie Simionescu,Occupational Therapist,Female,Iwase,19548,2008/04/25
37,Andra Sagar,Research Nurse,Female,Villa Nueva,68881,2004/10/13
38,Al Basketfield,Recruiting Manager,Male,Mweka,47104,1980/04/26
39,Delano Silverman,Legal Assistant,Male,Ashchysay,33347,2016/08/19
40,Paton Halligan,Health Coach III,Male,Fort Smith,98790,1985/07/13
41,Shaun Dufton,Editor,Male,Wudabao,80601,1993/06/03
42,Hamish Stolze,Accounting Assistant III,Male,Wuqu,60891,1999/05/02
43,Jeremiah Roskelley,Help Desk Operator,Male,Lancang,89082,1987/06/06
44,Marchall Shwalbe,Human Resources Manager,Male,Tumen,81098,2012/06/02
45,Vincent Sherborne,Human Resources Assistant II,Male,Carrefour,4195,2011/03/19
46,Boy Colquhoun,Accounting Assistant I,Male,Germiston,65022,1962/12/04
47,Erhard De-Ville,Desktop Support Technician,Male,Huangmao,97972,1956/05/03
48,Reilly Dargavel,Human Resources Assistant I,Male,Prado,33752,1994/10/27
49,Douglas Smyley,Design Engineer,Male,Dogbo,17063,1978/11/16
50,Ade Stowte,Account Executive,Male,Nonghe,51948,1955/04/27
51,Wallie Scarlett,Civil Engineer,Male,Fuying,4744,1979/04/07
52,Leese Emloch,Environmental Specialist,Female,Huadi,9570,1979/03/16
53,Ethyl Midlar,Human Resources Assistant II,Female,Granada,33808,1959/06/30
54,Friedrick Labin,Research Nurse,Male,Horodyshche,51904,1985/12/15
55,Percival Westbury,Junior Executive,Male,Lujiao,84056,1974/05/08
56,Bevan Chomley,Accounting Assistant III,Male,Osapsio,12834,1954/07/18
57,Stacey Carlucci,Tax Accountant,Female,Salvacion,37262,1959/08/17
58,Dorey Ascrofte,Accounting Assistant IV,Male,Savalou,89505,1963/09/11
59,Hansiain Frankes,Executive Secretary,Male,Borås,36701,1979/10/23
60,Teresina Gauden,VP Quality Control,Female,Wushan,86144,2006/11/02
61,Humberto Menhenitt,VP Sales,Male,Lianhe,23207,1955/04/18
62,Benedick Fautly,Senior Developer,Male,Chenda,58554,1974/09/15
63,Vania Blazewicz,Recruiter,Female,Trongsa,60742,1969/05/10
64,Johan Spiring,Chief Design Engineer,Male,Blois,98159,1995/01/10
65,Sonnie Speir,Pharmacist,Female,Azor,75002,1959/02/07
66,Tasha Kulas,Food Chemist,Female,Jugezhuang,30899,1984/04/12
67,Britt Hairsnape,General Manager,Male,Pacajus,4653,1999/09/11
68,Maryellen Piddington,Environmental Specialist,Female,Berlin,21384,1985/05/13
69,Starlene Ksandra,Computer Systems Analyst IV,Female,Ukata,78858,1987/11/08
70,Garrek Cossey,Biostatistician I,Male,Pácora,82076,2017/03/25
71,Melly Dart,Financial Advisor,Female,Foz Sousa,58989,1956/08/14
72,Ursala Napton,Chemical Engineer,Female,Sapouy,75964,1996/01/26
73,Sallee Pilmoor,VP Accounting,Female,Belovodskoye,75052,1974/10/22
74,Alta Kirton,Staff Scientist,Female,Lucas,57770,2018/06/16
75,Phyllis Prophet,Design Engineer,Female,Frydek,75703,1960/07/09
76,Ali Renachowski,Librarian,Female,Támara,26009,2021/05/28
77,Dorene Watkiss,Chemical Engineer,Female,Sigiriya,77024,1997/03/06
78,Gil Ridhole,Programmer Analyst III,Male,Baturité,48345,2010/05/28
79,Peta Fidgeon,Computer Systems Analyst IV,Female,Hongtian,97692,1998/01/20
80,Karrah Gawkes,Electrical Engineer,Female,Kisarawe,71787,1996/02/23
81,Netty Ingolotti,Legal Assistant,Female,Huancapi,39750,1973/05/13
82,Elsy Javes,Assistant Media Planner,Female,Butare,91724,2013/02/04
83,Tiphani Predohl,Chemical Engineer,Female,Kuala Lumpur,5042,1998/09/20
84,Libbie Moy,Engineer II,Female,Erie,47618,1969/10/31
85,Fernando Warton,Analog Circuit Design manager,Male,Casa Nova,86049,2004/06/10
86,Valentine Isaac,VP Accounting,Male,Tvarožná,17275,1967/08/10
87,Carolus Dyer,Account Coordinator,Male,Cẩm Phả Mines,77189,1961/03/24
88,Darice Townson,Dental Hygienist,Female,Wangying,69533,1961/06/26
89,Guss Moreno,Chemical Engineer,Male,Pyrzyce,5249,2011/02/02
90,Archibaldo Moutray Read,Executive Secretary,Male,Zelmeņi,69775,1951/04/07
91,Damian McQuilty,Developer I,Male,Colotenango,87133,2010/12/25
92,Byrle Ladbury,Dental Hygienist,Male,Zaoshi,37384,1960/10/19
93,Elliot Cullinan,Research Nurse,Male,Langxi,83048,2003/04/10
94,Major Wenden,Geologist II,Male,Masaran,32218,1987/10/23
95,Natala Blodget,Assistant Manager,Female,Esperanza,27207,1963/07/15
96,Gavin Gatchell,Assistant Manager,Male,Julayjilah,44535,2002/05/07
97,Ladonna Drayson,Automation Specialist III,Female,Bucheon-si,98668,1993/03/28
98,Cyrus Tureville,Senior Financial Analyst,Male,Jinguoping,29194,2002/05/14
99,Isidora Esp,Programmer Analyst I,Female,Nankou,63635,1978/10/24
100,Burton Syer,Teacher,Male,Corrientes,25701,1962/01/11
101,Westbrooke Sillick,Safety Technician I,Male,Shatian,80593,1964/09/04
102,Chester York,Research Nurse,Male,Trilj,29347,1953/06/07
103,Thomasa Caustic,Computer Systems Analyst II,Female,Kochenëvo,67984,1996/05/05
104,Lory Corkill,Associate Professor,Female,Liushan,6322,2020/04/18
105,Milena Checcuzzi,Speech Pathologist,Female,Lowayu,12619,2012/08/20
106,Arron Jouannot,Web Developer I,Male,Pittsburgh,39092,1966/04/21
107,Cyrill Wheildon,VP Sales,Male,Aguilares,66308,1952/09/03
108,Simonette Brockie,Senior Editor,Female,Priob’ye,98998,1963/03/20
109,Teddie McGuckin,Account Representative IV,Male,Gushui,39174,1988/02/08
110,Lilias Lamacraft,Office Assistant II,Female,Lizhai,81554,2009/11/17
111,Isabelita Klulicek,Web Developer IV,Female,Tagum,26557,1959/09/01
112,Fiann Barizeret,Occupational Therapist,Female,San Carlos de Bolívar,60474,1984/03/20
113,Natividad Lowe,Physical Therapy Assistant,Female,Pau,40636,1979/12/12
114,Clari Utting,Structural Engineer,Female,Kertayuga,45859,1962/07/30
115,Claresta Figg,Mechanical Systems Engineer,Female,Baisha,80702,1958/05/21
116,Andrej Sprigging,Recruiting Manager,Male,eMbalenhle,9316,1993/02/04
117,Wilbert Brooksbie,Account Coordinator,Male,Barrio San Luis,55702,1961/11/10
118,Xena Shawdforth,Environmental Specialist,Female,Sarata,17739,2005/04/10
119,Adey Goodram,Professor,Female,Breda,23646,1996/07/24
120,Ronnica Orford,Recruiter,Female,Dunkerque,77786,1974/02/25
121,Fidelio Billson,Staff Scientist,Male,Huitang,85383,1990/01/08
122,Sherri Ganley,Software Test Engineer I,Female,Krasnystaw,93019,1968/11/05
123,Ainslie Seckington,Software Consultant,Female,Na Wa,62854,1961/10/12
124,Cybill Haestier,Help Desk Technician,Female,Nový Bydžov,66529,1979/05/28
125,Gradey Hum,Electrical Engineer,Male,Nakuru,30175,2000/06/27
126,Annadiane Anniwell,Business Systems Development Analyst,Female,Kafr Kannā,69262,1989/06/02
127,Ki Noni,Research Associate,Female,Sanhe,10241,1970/04/24
128,Hetty Richemond,Operator,Female,Arish,2377,1963/09/12
129,Anthiathia Chicco,Speech Pathologist,Female,San José de Feliciano,92855,1966/03/12
130,Jamison Sneyd,Desktop Support Technician,Male,Zuogaiduoma,81579,2004/02/03
131,Teresita Skeates,Database Administrator II,Female,Inhambupe,42120,2020/01/05
132,Nan Hast,Marketing Manager,Female,Ngaruawahia,31715,2017/06/14
133,Linn Pesterfield,Research Associate,Female,Aramecina,75776,1977/08/21
134,Donovan Curnok,Nuclear Power Engineer,Male,Nedašov,33112,1985/02/25
135,Nelson Standidge,Automation Specialist I,Male,Shuangfeng,21247,1982/04/03
136,Dimitry McArdell,Professor,Male,Saint Lucia,44709,2019/06/29
137,Vanni Zuanazzi,Systems Administrator I,Female,Yinjiacheng,72854,1958/03/07
138,Samuele Boleyn,Registered Nurse,Male,Miaogou,17959,2003/10/05
139,Wendeline Barens,VP Marketing,Female,Qırmızı Samux,1210,1982/04/24
140,Brigit Cleatherow,Graphic Designer,Female,Nasavrky,74725,1976/05/13
141,Alfonso Hallor,Speech Pathologist,Male,Erdaobaihe,37379,1974/02/14
142,Rance Daughtery,Paralegal,Male,Kobeřice,36757,1986/01/03
143,Valry Maylor,Web Designer IV,Female,Vareš,99976,2020/08/03
144,Julina Packham,Project Manager,Female,Anfu,13304,1966/03/21
145,Jamal Dealy,Actuary,Male,Nijmegen,97556,2002/04/20
146,Iosep Mayhew,Data Coordinator,Male,Glagahan,36872,1961/02/08
147,Nels Culwen,Teacher,Male,Irupi,10405,1963/04/18
148,Candi Dufaur,Systems Administrator II,Female,Athi River,55105,1999/11/07
149,Bruno Doiley,Nuclear Power Engineer,Male,Iroquois Falls,97183,1952/05/26
150,Felice Keneleyside,Compensation Analyst,Male,Uherské Hradiště,43519,1964/11/07
151,Gerianne Jakucewicz,Speech Pathologist,Female,Simpang,31991,1983/03/16
152,Rosalinde Symson,Civil Engineer,Female,Pombal,5990,1975/11/19
153,Trevor Izzard,Nuclear Power Engineer,Male,Ibusuki,66311,2014/07/28
154,Drusie Cheshir,Account Representative IV,Female,Izhmorskiy,89136,1982/10/17
155,Delaney Kirton,Analog Circuit Design manager,Male,Bogdaniec,4213,1970/01/18
156,Liam Caine,Design Engineer,Male,Varpaisjärvi,65864,2014/01/31
157,Juline McGlue,Teacher,Female,Boulsa,3302,2018/04/02
158,Morry Richmond,Biostatistician IV,Male,Lý Sơn,8360,2013/01/21
159,Krissie Cawt,Financial Analyst,Female,Ar Riqāmā,34300,1983/04/04
160,Abner Beste,Help Desk Technician,Male,Ciechocin,99031,1997/03/28
161,Shell Borris,Media Manager II,Female,Oleksandriya,36178,2003/01/02
162,Meir Allerton,Food Chemist,Male,Kraslice,55938,1977/11/22
163,Dermot de Mendoza,General Manager,Male,Bambuí,71846,2022/08/04
164,Brendon Kelmere,Environmental Specialist,Male,Thị Trấn Thanh Lưu,98548,1958/05/14
165,Sim Compson,VP Accounting,Male,Akankpa,96030,1972/09/19
166,Harland Oxbury,Administrative Officer,Male,Makanya,66938,2017/08/25
167,Moise Chansonne,Product Engineer,Male,Cajati,93245,2023/06/11
168,Berrie Grise,VP Quality Control,Female,Buenavista,45343,2022/09/22
169,Marci Giddings,Associate Professor,Female,Risālpur,40425,2007/04/12
170,Herschel Tidridge,Dental Hygienist,Male,Luknovo,85519,2002/05/06
171,Iggie Tredinnick,Account Representative I,Male,San Francisco,30096,2000/09/17
172,Jemima Mathen,Analyst Programmer,Female,Daban,74001,1991/07/29
173,Zeb Moores,Junior Executive,Male,Jiantianjie,70004,1953/11/02
174,Donica Skittreal,Librarian,Female,Numazu,44296,1993/05/06
175,Sybil Jorck,Product Engineer,Female,Enewetak,89377,1993/02/06
176,Willie Alfwy,Sales Associate,Male,Diwopu,51148,1971/03/16
177,Lorne Motto,Senior Quality Engineer,Male,Cajuru,53269,1999/09/05
178,Melva Newcomen,Help Desk Technician,Female,Susiec,49841,1971/09/13
179,Clevie Burgum,Legal Assistant,Male,Álvares Machado,64991,1973/10/14
180,Cecelia Lebbern,Internal Auditor,Female,Ystad,58124,1967/12/04
181,Louis Ziem,Financial Advisor,Male,Cox’s Bāzār,69092,1968/06/21
182,Virgilio Moakler,Geological Engineer,Male,Zákupy,52512,1977/01/09
183,Farlee Klyner,Safety Technician II,Male,Säffle,31420,1993/05/13
184,Findley Rudsdell,Account Coordinator,Male,Hwaseong-si,15956,1976/01/26
185,Adrian Meagh,Human Resources Assistant I,Female,Candelaria,47597,1957/05/31
186,Blancha Cosens,VP Marketing,Female,Sembalunbumbung,19914,2015/09/22
187,Tiebold Leith-Harvey,VP Quality Control,Male,Dranoc,55948,1979/03/27
188,Sheba Dowley,VP Product Management,Female,Krajansumbermujur,60590,1987/04/21
189,Gothart Clowton,Programmer IV,Male,Kuanheum,2379,1988/12/19
190,Thaxter Heaviside,Financial Analyst,Male,Gravataí,91330,1965/03/23
191,Ellene Seldon,Senior Quality Engineer,Female,Ciudad Choluteca,21068,1950/05/20
192,Reinald Towlson,Engineer I,Male,Xingxi,94683,1951/07/18
193,Melodie Duckerin,GIS Technical Architect,Female,La Esperanza,56562,2010/03/02
194,Miner Addyman,Quality Engineer,Male,Flen,32249,1972/01/16
195,Lulu Cocking,VP Accounting,Female,Winter Haven,41765,2008/12/03
196,Marrissa MacConneely,Tax Accountant,Female,Helsingborg,80530,1963/09/13
197,Shaylah Saffer,Senior Developer,Female,Gaokan,53162,2020/04/12
198,Leonid Benko,Office Assistant IV,Male,Krajan,66293,1951/08/07
199,Archibold Lehrahan,VP Sales,Male,Cocachacra,20690,2002/07/08
200,Barney Pynner,Nurse,Male,Sorochuco,37357,1976/10/09
201,Cathrine Insole,Pharmacist,Female,Gaofeng,28303,2008/06/13
202,Carmella Bourthoumieux,Accounting Assistant IV,Female,Hyesan-si,88908,1953/04/21
203,Jone Springate,Software Consultant,Male,Ludu,78914,2012/12/21
204,Darill Wyley,VP Accounting,Male,Chelgard,61850,1994/04/11
205,Nana Grut,Design Engineer,Female,Irshava,72140,1950/04/14
206,Evelyn Jillard,Librarian,Male,Haihui,14437,1982/05/03
207,Burke Sharrier,Teacher,Male,Nieuw Nickerie,48259,1950/11/21
208,Winnifred Goldsbury,GIS Technical Architect,Female,Carnot,79132,1993/03/02
209,Obidiah Duffan,Social Worker,Male,Jednorożec,52589,2012/12/16
210,Dew Eskrigg,Marketing Assistant,Male,Mikrókampos,68274,1960/04/05
211,Sol Guy,Geologist IV,Male,Bil‘īn,41685,2000/12/06
212,Artus Silson,Analog Circuit Design manager,Male,Amparafaravola,86315,1962/03/27
213,Trudi Gosswell,Physical Therapy Assistant,Female,Oslo,20791,1979/09/14
214,Kay Bertl,Paralegal,Female,Niemodlin,98763,2019/08/01
215,Desmond Costell,Financial Advisor,Male,Yushu,97205,1965/02/17
216,Christoper Faircley,GIS Technical Architect,Male,Maturín,5566,2004/02/16
217,Barthel Sprason,Administrative Assistant IV,Male,Brinje,69889,1982/11/19
218,Kit Arnaudi,Analog Circuit Design manager,Male,Torre de Moncorvo,62689,1952/04/17
219,Jennee Lemmanbie,Help Desk Technician,Female,Jiulong,61321,2011/06/10
220,Shepard Littlechild,Desktop Support Technician,Male,Mundybash,28864,1980/03/19
221,Jessalin Sanderson,Social Worker,Female,Xiaodukou,86871,1989/10/26
222,Cord Bartomieu,Systems Administrator III,Male,Cirahab,43753,2012/10/25
223,Maddy Wyrill,Administrative Assistant II,Female,Zürich,9986,2019/07/22
224,Ynez Poles,Editor,Female,Cawayan,81000,1996/09/08
225,Yoshiko Purse,Programmer Analyst II,Female,Litian,65844,1989/05/27
226,Malchy Battle,Physical Therapy Assistant,Male,Itapissuma,52293,1992/03/29
227,Daria Lindenberg,Technical Writer,Female,Shuidong,97054,1998/11/21
228,Risa Bleesing,Web Designer IV,Female,Nuevo Amanecer,96100,1997/12/22
229,Chrysler Tuite,VP Quality Control,Female,Yu’erhong,17787,1953/11/08
230,Bennett Densell,Web Designer III,Male,Kaleybar,4639,2011/02/14
231,Udell Chapleo,Help Desk Operator,Male,Santa Cruz,34333,2008/08/19
232,Antony Snowling,Database Administrator II,Male,Pangkalan,32575,1988/06/28
233,Loralyn Very,Assistant Manager,Female,Wachira Barami,46219,1987/01/04
234,Agosto Wallman,Assistant Manager,Male,Cikeusal,69727,1988/11/27
235,Margaret Brandin,Automation Specialist III,Female,Qutun,61157,2013/09/28
236,Tommi Glander,Director of Sales,Female,Fengcheng,57707,1958/04/13
237,Rosalinda Beet,Account Executive,Female,Taunggyi,53477,2007/12/07
238,Tabina Petrolli,Senior Financial Analyst,Female,Paris 05,35233,1956/08/21
239,Massimo Crisford,Administrative Assistant IV,Male,Charleston,56883,2010/02/06
240,Emyle Rounding,Assistant Professor,Female,Macaíba,94718,1966/12/26
241,Brant Ramplee,Research Nurse,Male,Agdzhabedy,2678,1987/11/09
242,Averill Onyon,General Manager,Male,Valle San Francisco,14239,1962/08/09
243,Rosella Plinck,Desktop Support Technician,Female,Taoyuan,40110,1973/07/07
244,Ellynn Baversor,Research Nurse,Female,Dongyang,36385,1980/12/01
245,Garret Haithwaite,Payment Adjustment Coordinator,Male,Taotang,1127,2006/12/07
246,Carmine Widdicombe,Teacher,Male,Lhoknga,45400,1967/04/17
247,Penny Drinkel,Geologist I,Male,Rancaerang,31660,2006/01/23
248,Royal McKaile,Biostatistician II,Male,Librazhd-Qendër,32211,2016/06/18
249,Candis Stolze,VP Sales,Female,Mórrope,94899,2016/09/28
250,Adrian Liffey,Pharmacist,Male,Quinocay,7595,2018/04/08
251,Gennie Taborre,Registered Nurse,Female,Morales,83211,2002/09/24
252,Eugenius Rosendorf,Senior Cost Accountant,Male,Baru,49214,2005/09/14
253,Cinderella Frangleton,Physical Therapy Assistant,Female,Santa Fe,5403,1961/04/20
254,Lea McAuley,Budget/Accounting Analyst I,Female,Hong’an,8043,1992/04/30
255,Adrien Leehane,Information Systems Manager,Male,Pamplona/Iruña,89187,1956/05/12
256,Caryn Mulford,Accounting Assistant III,Female,Santa Marcela,11154,2002/01/27
257,Ashby Reucastle,Database Administrator III,Male,Mambago,70887,1990/11/02
258,Lesley Weippert,Programmer Analyst II,Male,Brejo da Madre de Deus,27323,1975/06/28
259,Katherina Berrill,Structural Analysis Engineer,Female,Huancheng,29702,2009/01/14
260,Saunders Kitchenside,Financial Advisor,Male,Pilzno,11888,1996/05/12
261,Bernard Towsie,Research Assistant IV,Male,Mrgavan,29147,2007/06/05
262,Onfre Hebson,Statistician III,Male,Yahotyn,65621,1986/01/30
263,Mitchell Spurritt,Business Systems Development Analyst,Male,Mingcheng,80207,2017/11/04
264,Marjorie Corten,Desktop Support Technician,Female,Lixiqiao,54687,1997/01/13
265,Jeddy Staddart,Environmental Specialist,Male,Al Qurḩ,74029,1983/02/08
266,Marketa Crossley,Internal Auditor,Female,Paradela,29847,1986/09/08
267,Broddie Hourston,Account Executive,Male,Hepo,7458,1987/02/21
268,Arnaldo Kleewein,Design Engineer,Male,Jingling,74013,2000/01/04
269,Kristos Niset,VP Quality Control,Male,Cheonan,93947,1955/05/12
270,Violet Kenson,Automation Specialist III,Female,Verkhniy Lomov,9732,2016/08/29
271,Tadd Terne,Senior Developer,Male,Blagodarnyy,14967,1994/10/27
272,Papageno Secombe,VP Marketing,Male,Gondar,30124,1977/10/10
273,Merrill Perone,Programmer II,Female,Kabakovo,57007,1988/01/15
274,Dorie Hoodspeth,GIS Technical Architect,Male,Wasilków,52486,2009/07/21
275,Fair Origin,Quality Control Specialist,Male,Usatove,1062,1951/07/18
276,Loise Sweetzer,Marketing Manager,Female,Sokal’,31280,2016/11/17
277,Olly Litster,Professor,Female,Sumberpinang Satu,33245,1954/04/12
278,Shandra Pullin,VP Marketing,Female,Nanqiao,17788,1993/01/19
279,Joyous Beddis,Payment Adjustment Coordinator,Female,Umeå,36814,1951/03/04
280,Milissent Fidock,Legal Assistant,Female,Planaltina,78451,1992/04/06
281,Kacey Echalier,Accounting Assistant III,Female,Stockholm,42302,1982/05/21
282,Hiram Edwinson,Speech Pathologist,Male,Mora,77899,1950/01/04
283,Veriee Ashfold,Nurse Practicioner,Female,Saint-Bruno,73754,1989/09/11
284,Donelle Yashunin,Legal Assistant,Female,Butou,98651,1990/01/24
285,Skye Westbury,Clinical Specialist,Male,Santo Amaro da Imperatriz,19362,1997/05/27
286,Clem Calvey,Human Resources Manager,Male,Xishiqiao,37466,1976/03/14
287,Almire Fielders,Geological Engineer,Female,Gotputuk,97480,2003/04/04
288,Pieter Beardwell,Chemical Engineer,Male,Zhongshan,71785,1998/12/05
289,Bert Van,Nurse Practicioner,Male,Jām Sāhib,73397,2016/02/09
290,Terza Stuer,Administrative Officer,Female,Liljendal,74174,1953/11/08
291,Lauren Hawkeswood,General Manager,Female,Fāqūs,93050,1950/07/27
292,Jobye Wollen,Health Coach IV,Female,Újezd,84180,2022/09/06
293,Barnabas Snowden,Account Representative III,Male,Strasbourg,60653,1968/01/18
294,Dickie Garnar,Compensation Analyst,Male,Mudon,25256,1975/02/24
295,Almeria Lavallie,Senior Quality Engineer,Female,Mosteiros,57781,1999/10/03
296,Matilde Durtnel,Financial Advisor,Female,Barguzin,43081,1956/08/09
297,Rocky Storey,Biostatistician III,Male,Haveliān,25216,1990/03/24
298,Stacy Kennan,Chief Design Engineer,Male,Confey,27174,1970/12/02
299,Francois Colquete,Analog Circuit Design manager,Male,Sumiainen,4568,1997/05/06
300,Jacynth Cooke,Account Representative I,Female,Kibingo,86125,2011/10/21
301,Paddy Dewbury,Accountant IV,Male,Las Breñas,46479,2021/05/15
302,Stanwood Cockroft,Project Manager,Male,Condado,53262,1958/03/10
303,Augie Shepherdson,Recruiter,Male,Nikhom Kham Soi,79513,2006/05/04
304,Emeline Bellingham,Associate Professor,Female,Golubinci,10617,1956/02/07
305,Johnath Seifert,Director of Sales,Female,Nurmijärvi,10965,1999/03/21
306,Mari Safell,VP Sales,Female,Mangdang,6807,1953/11/25
307,Bobinette Reder,Pharmacist,Female,Bodø,69612,2022/11/02
308,Galen McEvon,Structural Analysis Engineer,Male,Fengshou,20992,1972/08/31
309,Gail Rubroe,Safety Technician IV,Male,Ishikawa,2977,2015/04/22
310,Hannie Pond-Jones,Assistant Manager,Female,Tebanah,27538,1994/06/01
311,Lindsey Sprackling,Staff Accountant II,Female,Krajan Selatan,58672,2002/08/22
312,Eziechiele Wintringham,Staff Accountant II,Male,Shangyanzhuang,38745,2013/02/17
313,Carmina Jeffress,Cost Accountant,Female,Kete Krachi,12624,2007/04/13
314,Dulcine Fellgatt,Biostatistician II,Female,León,42076,1955/03/17
315,Clarinda Balthasar,Help Desk Operator,Female,Jimenez,59921,1964/04/04
316,Wanda Bernardoux,Recruiter,Female,Capissayan Sur,57846,1998/08/14
317,Christiane Collet,Web Developer III,Female,Shilin,19481,1982/02/28
318,Marje Taffs,Engineer III,Female,Rio Claro,23718,1989/07/13
319,Tann Giacopello,Compensation Analyst,Male,Fort Worth,78182,2020/04/06
320,Verne McCartan,VP Product Management,Male,Foúrnoi,92847,1962/11/13
321,Darla Kerswell,Structural Analysis Engineer,Female,Tinawagan,22820,1998/08/13
322,Gothart McSparran,Health Coach II,Male,Chicago,6991,1987/01/09
323,Odell Flaunders,Senior Financial Analyst,Male,Cesvaine,52114,1978/07/19
324,Doralyn Kahane,VP Quality Control,Female,Telagasari,84284,1992/10/08
325,Ricki Watterson,Graphic Designer,Male,Ordynskoye,82399,2009/11/27
326,Chuck Sabey,Data Coordinator,Male,Surkhet,49949,1950/10/30
327,Korella Ortas,Product Engineer,Female,Turbiv,25675,2021/07/12
328,Twila Peterkin,Administrative Officer,Female,Santo Estêvão,41261,2005/11/26
329,Kimbell Zanneli,Internal Auditor,Male,Vera,30142,1998/04/30
330,Matty Marcombe,Research Nurse,Male,Zahvizdya,67216,1972/12/14
331,Lona Hemmingway,VP Sales,Female,Ribeirão Preto,58985,1996/09/04
332,Suzy Mervyn,Senior Editor,Female,Sémé,77207,1965/10/21
333,Everard Boyen,General Manager,Male,Pujiang,54854,1997/04/30
334,Casi Dahlback,Software Engineer IV,Female,Veternik,51400,2023/10/22
335,Rori Radcliffe,Account Coordinator,Female,Dukuhturi,68150,1974/03/01
336,Lyon Stockley,Information Systems Manager,Male,Gubskaya,29410,1978/12/24
337,Neel Rubie,Senior Developer,Male,Nyzhni Petrivtsi,96205,1991/05/02
338,Northrop Leahey,Account Representative III,Male,Areguá,77639,1994/12/13
339,Marthe Dunton,Research Associate,Female,Thionville,43769,1968/09/29
340,Arabelle Durtnal,Health Coach IV,Female,Dhaka,86155,1963/09/06
341,Hillary Clulow,Database Administrator IV,Male,Huiwen,73569,2006/05/04
342,Blanche Moyle,Senior Sales Associate,Female,Tsuruoka,62382,1965/01/06
343,Ursuline Calvie,Operator,Female,Tangxian,73887,1954/12/16
344,Antonio MacCaffery,Teacher,Male,Inđija,45497,1996/05/21
345,Eden Kearn,Information Systems Manager,Female,Vrbice,2681,2002/08/24
346,Aimee Platts,Environmental Specialist,Female,Łomianki,63472,1992/03/09
347,Sax Moggan,GIS Technical Architect,Male,Shuangjiang,34402,1982/08/28
348,Gwenora Bramich,Quality Control Specialist,Female,Gayamsari,38204,2011/06/29
349,Thekla Spino,Accounting Assistant III,Female,Ponyri Vtoryye,7548,1996/12/10
350,Tammi McKune,Social Worker,Female,Malimaneek,24516,1970/01/19
351,Ingeberg Cutmere,Assistant Manager,Female,Xinghua,68255,2016/07/05
352,Fanchette Guiu,Nurse,Female,Senta,44980,1991/10/12
353,Fred Thresh,Social Worker,Female,Quillo,55457,1951/02/07
354,Wallis Summerell,Media Manager II,Female,Vittel,60007,2002/11/20
355,Wendeline Sharnock,Research Associate,Female,Popasna,66881,2023/08/16
356,Levon Biggam,Help Desk Operator,Male,Pulopaya,75752,1994/04/18
357,Reagen Rishworth,Editor,Male,Ar Rumaythīyah,20390,1977/02/23
358,Jannel Cossor,Civil Engineer,Female,Beiqijia,38487,1971/07/23
359,Oriana Carlisle,Quality Engineer,Female,Tambovka,73118,1997/01/06
360,Cally Roswarne,Occupational Therapist,Female,Guluoshan,93555,1961/12/10
361,Benedicto Vallance,Registered Nurse,Male,Kotabumi,23521,2003/02/04
362,Vassili Linthead,Media Manager IV,Male,Sabnie,16310,1953/07/06
363,Mavis Deschlein,Executive Secretary,Female,Hejia,75147,1988/10/18
364,Anthia Sealeaf,Accounting Assistant I,Female,La Cruz,3846,1961/09/05
365,Bellanca Petrolli,Accountant IV,Female,Perniö,94616,1985/06/10
366,Gradeigh Farrimond,Legal Assistant,Male,Qujing,96558,1980/09/22
367,Collen Pride,Nurse,Female,Mirovka,95586,1982/01/24
368,Erick Arrigucci,Analyst Programmer,Male,Prata,95340,1976/09/27
369,Krisha Week,Director of Sales,Male,Pacaycasa,74302,1962/10/22
370,Stephan Bastiman,Structural Analysis Engineer,Male,Taung,73832,1961/10/28
371,Tome Clubley,Human Resources Manager,Male,Rimouski,59251,1983/05/26
372,Friedrich Rosenbarg,Data Coordinator,Male,Āsmār,45461,1957/08/14
373,Cristiano Pinks,Social Worker,Male,Diaofeng,59001,2012/12/17
374,Elizabet McCrum,Product Engineer,Female,Göteborg,41980,2019/07/06
375,Creight Kivelhan,Food Chemist,Male,Yong’an,68149,1979/05/22
376,Zitella Pevreal,GIS Technical Architect,Female,San Fernando del Valle de Catamarca,56773,1953/10/19
377,Mariette Verbrugge,Graphic Designer,Female,Enhe Hada,15280,1971/06/20
378,Ryann Nicolson,GIS Technical Architect,Female,Munse,76270,1985/08/20
379,Elizabet Josephoff,Staff Accountant I,Female,Itajubá,56043,2000/02/14
380,Felizio Adiscot,Paralegal,Male,Runaway Bay,3372,2021/03/02
381,Angeline Vicar,Marketing Manager,Female,Murovanoye,83822,1973/04/03
382,Mathilde Wimmer,Human Resources Assistant II,Female,Maizuru,46543,2010/10/08
383,Lucretia Axelby,Developer III,Female,Kvartsitnyy,10521,1983/02/03
384,Caralie Fillary,Environmental Tech,Female,Aga,49414,1996/11/30
385,Ag Kittoe,Chief Design Engineer,Female,San Rafael del Sur,86403,1984/01/30
386,Cathryn Kerfoot,Structural Analysis Engineer,Female,Schellenberg,62713,1980/01/02
387,Gail Bebis,Senior Cost Accountant,Female,Talisay,36602,1971/09/25
388,Val Proudman,Automation Specialist IV,Male,Brčko,45111,1969/03/22
389,Jaimie Vowden,Geological Engineer,Male,Custódia,19871,2013/12/16
390,Lamar Hews,Geological Engineer,Male,Banzhong,63947,1967/03/25
391,Rosco Sullens,Financial Analyst,Male,Oujda,12587,2006/06/11
392,Worden Jeary,Operator,Male,Mocajuba,65308,1967/11/29
393,Roberto Jackson,Software Test Engineer III,Male,Gabi,29832,2021/02/04
394,Ebony Francioli,Accounting Assistant III,Female,Żarki,70948,1957/10/06
395,Mariel Sivyer,Environmental Tech,Female,Ganjaran,73678,1954/08/29
396,Abra Whoolehan,Accounting Assistant I,Female,Ipiales,75997,1964/03/28
397,Mirilla Meriot,Payment Adjustment Coordinator,Female,Laoliangcang,44978,1981/12/18
398,Napoleon Crowden,Nurse,Male,Dulangan,7770,1986/03/17
399,Hynda Haliburton,Geological Engineer,Female,Cinangka,83395,1983/05/21
400,Ceil Frisby,Senior Editor,Female,Ballymun,27886,2019/06/13
401,Guillermo Lindsay,VP Marketing,Male,Xubao,60198,1972/04/18
402,Lodovico Caisley,Actuary,Male,Magatos,72605,2014/09/07
403,Alexis Humbee,Project Manager,Male,Nijmegen,81971,2016/01/19
404,Andrus Thinn,Senior Financial Analyst,Male,Sydney,63629,2009/10/29
405,Margot Rundle,Biostatistician IV,Female,Taurija,10554,1987/06/11
406,Tallie Ivatt,Senior Sales Associate,Female,Tianning,96189,1955/08/13
407,Daisy Livesay,Computer Systems Analyst III,Female,Timaru,3810,2013/09/02
408,Jackson Gammon,Associate Professor,Male,Banjar Yehsatang,87076,1975/02/13
409,Caria Rhodes,Marketing Manager,Female,Zabrze,14745,1983/12/17
410,Cazzie Chisholme,Senior Sales Associate,Male,Tak Bai,17816,1996/09/05
411,Matty Vaskov,Director of Sales,Male,Sinazongwe,53309,1960/04/16
412,Brigida Muzzillo,Research Nurse,Female,Bundoc,78792,2023/03/17
413,Noelle Liddington,Chief Design Engineer,Female,Uenohara,25538,1983/11/10
414,Dreddy Itzkovwich,Geological Engineer,Female,Yoro,63925,2013/07/24
415,Mariquilla Syrie,Computer Systems Analyst II,Female,Novi Kneževac,53747,2015/09/29
416,Dorena Biddulph,Physical Therapy Assistant,Female,Preserje pri Radomljah,38347,2023/09/19
417,Pauline Gunton,Senior Quality Engineer,Female,Jankowice,60551,2000/05/17
418,Barton O'Corrin,Assistant Media Planner,Male,Timiryazevo,20252,1987/08/06
419,Jaimie Bradnock,VP Marketing,Female,Albion,21865,2010/06/17
420,My Sertin,Recruiter,Male,Pomahan,5372,2013/10/12
421,Gustavo Roseby,Office Assistant III,Male,Portland,14338,2021/02/13
422,Leila Guildford,Structural Analysis Engineer,Female,Paris 12,99502,2000/04/12
423,Issiah Revington,Payment Adjustment Coordinator,Male,Olofström,63094,2001/04/02
424,Adams Casado,Graphic Designer,Male,Akouda,77041,1975/03/02
425,Ricki Piggrem,Assistant Media Planner,Female,Pitalito,94598,2006/10/03
426,Carie Lamberti,Accountant III,Female,Nginjen,60440,2015/07/20
427,Koren Heinrich,Recruiting Manager,Female,Kaz,98580,1957/07/18
428,Fran Holme,Software Test Engineer I,Male,Trabulheira,5655,2003/03/09
429,Loralee Braund,VP Marketing,Female,Huangshi,33944,1981/03/12
430,Josi Jobern,Administrative Officer,Female,Maqian,8708,1981/02/27
431,Bruce Danslow,Actuary,Male,Middleton,75857,2011/07/29
432,Trixi Gofford,Software Consultant,Female,Piripiri,25564,1953/10/22
433,Dom Aizikovich,Structural Analysis Engineer,Male,Goya,30201,2006/03/13
434,Abie Simyson,Civil Engineer,Male,Tamanan,72860,2011/10/03
435,Rancell Hennemann,Business Systems Development Analyst,Male,Chaowai,92523,1976/06/22
436,Elliot Hattoe,Analyst Programmer,Male,Matingain,36810,2018/11/22
437,Oliviero Swede,Help Desk Operator,Male,Timurlorong,34627,1953/07/31
438,Rafferty Cuncliffe,Data Coordinator,Male,New Pandanon,86680,1970/12/24
439,Marlowe Wilkins,Chief Design Engineer,Male,Duotian,68182,1985/08/04
440,Budd Grestie,Quality Engineer,Male,Beringin,8050,1953/11/23
441,Leonora Husby,Marketing Assistant,Female,Tmourghout,56018,1968/09/19
442,Minda Howgego,Quality Control Specialist,Female,Samokov,65190,2009/11/29
443,Rowena Neave,Environmental Specialist,Female,Sydney,15102,1980/07/27
444,Mercie McCaughen,Analyst Programmer,Female,Pucallpa,64484,2010/07/11
445,Tonie Cissell,Programmer Analyst I,Female,Naka,96171,1976/02/25
446,Kain Fussie,Web Designer III,Male,Luojiang,37902,1967/02/10
447,Malory Spires,Research Assistant IV,Female,Klenovyy,66020,1988/06/06
448,Bryant Cleef,Librarian,Male,Henghe,64233,1982/11/04
449,Carita Ughini,Dental Hygienist,Female,Kamo,85138,1964/04/01
450,Yale Natalie,Senior Sales Associate,Male,Périgny,23203,1952/01/17
451,Julee Kelberer,Internal Auditor,Female,Shahkot,49692,1959/11/02
452,Ruthann Jelf,Research Nurse,Female,Kabir,9904,1952/12/15
453,Esdras Abelevitz,Structural Engineer,Male,Valera,89762,2021/05/02
454,Rod Biasotti,Sales Representative,Male,Charlotte,20497,1997/08/02
455,Orlando Pedrol,Information Systems Manager,Male,Isiolo,81729,1967/06/15
456,Carrol Hardisty,Mechanical Systems Engineer,Male,Port Saint John’s,6061,1970/04/28
457,Mordecai Hurlin,Help Desk Operator,Male,Cruzília,82087,1968/10/21
458,Andrej Saundercock,Database Administrator III,Male,Aleksotas,24791,1977/03/04
459,Sharity Muckley,Account Representative I,Female,Lārkāna,80440,1965/12/26
460,Hoyt Marsters,Accountant IV,Male,Valle de Guanape,81929,1966/06/25
461,Shelby Rutherford,Structural Engineer,Male,Neuss,7982,2014/05/20
462,Benoit Gye,Assistant Professor,Male,Chuandao,33573,1988/02/03
463,Kingsly Sommerled,Analog Circuit Design manager,Male,Yumendong,98978,1983/06/09
464,Rhodie Cantera,Research Nurse,Female,Savannah,4789,1950/07/20
465,Dorelia Denekamp,Senior Editor,Female,Chuanpu,18112,2020/09/05
466,Germana Ferrario,Project Manager,Female,Paprotnia,46661,2018/08/05
467,Darice Basill,Administrative Officer,Female,Velykyy Klyuchiv,28063,1994/03/10
468,Rodi Bentz,Food Chemist,Female,Onsala,43800,2022/02/11
469,Shaina Yurukhin,Recruiting Manager,Female,Bama,14846,1974/12/09
470,Gregor Ladon,Assistant Professor,Male,Dębno,99309,2020/05/13
471,Torrin Carpmile,Account Representative III,Male,Bayt Ta‘mar,88035,2016/11/23
472,Renelle Stadding,Data Coordinator,Female,Cergy-Pontoise,32078,1993/06/02
473,Claybourne Goodbairn,Desktop Support Technician,Male,Tebluru,81416,1958/04/03
474,Stafani Cockayme,Software Engineer III,Female,Kaliningrad,82778,1957/08/28
475,Ari Schiell,Director of Sales,Male,Svobody,21378,1955/03/15
476,Jud Stockbridge,Tax Accountant,Male,Saguiaran,61015,1995/03/22
477,Sigrid Doulden,Marketing Assistant,Female,Zhengji,62152,1988/03/12
478,Glori Stanney,Teacher,Female,Rodas,35885,1978/11/04
479,Ole Cust,Budget/Accounting Analyst IV,Male,Romanovskaya,70078,1983/08/29
480,Ermanno Slane,VP Accounting,Male,Dambulla,97933,2002/09/09
481,Ekaterina Hunston,Database Administrator III,Female,Wilwerwiltz,99460,1989/12/22
482,Licha Phelips,Structural Engineer,Female,Saryshaghan,23830,1984/07/22
483,Paton Tranfield,Accountant II,Male,Yangjinzhuang,39814,2023/05/31
484,Beret Locke,Design Engineer,Female,Aktogay,26562,1975/03/22
485,Tiffy Bellson,Developer I,Female,Husów,43053,1961/09/16
486,Burg Hick,Operator,Male,Haveli,85501,2009/11/22
487,Sibylla Niaves,Civil Engineer,Female,Shuangqiao,55607,1974/05/15
488,Lonnie Lathaye,Computer Systems Analyst II,Male,Balbalan,29820,2010/10/17
489,Bogart Aggett,Data Coordinator,Male,Saiki,62220,2022/09/30
490,Humfrid Leil,Recruiter,Male,Pamungguan,84570,1966/10/08
491,Alicia McLaughlin,Clinical Specialist,Female,Laolong,66348,2012/12/04
492,Garey Macquire,Payment Adjustment Coordinator,Male,San Vicente,76261,1998/03/23
493,Delila Worshall,Social Worker,Female,Ufa,97830,1985/05/25
494,Starla Ferrillo,VP Product Management,Female,Zhuangshi,52891,1964/02/15
495,Dugald Goreway,Geologist IV,Male,Xinshi,27259,2003/12/13
496,Fayina Mutch,Recruiting Manager,Female,Kuching,63115,2019/10/03
497,Aubrey Di Ruggero,Food Chemist,Male,Cigadog,97686,1974/07/31
498,Terrell Ellwell,Programmer III,Male,Tandaltī,69136,1993/09/02
499,Robin Demangeon,Staff Scientist,Male,Takanini,19283,1987/09/30
500,Trstram Boult,VP Accounting,Male,Himensulan,65693,2021/12/16
501,Archambault Lyston,Recruiter,Male,Gaoyi,49250,2020/12/20
502,Isaak Janman,Pharmacist,Male,Banjar Dharmasemedi,66600,1994/10/20
503,Mathias Halversen,Food Chemist,Male,Yeniköy,38781,1995/08/10
504,Nicolais Soppit,Paralegal,Male,Altan-Ovoo,98892,1975/10/18
505,Ugo Milson,Sales Representative,Male,Fonte da Aldeia,80492,2014/04/19
506,Melony Klamman,Help Desk Operator,Female,La Trinidad,87201,2006/12/09
507,Gerta Santos,Chief Design Engineer,Female,Luzhou,29211,1961/01/10
508,Jacklyn Riceards,Product Engineer,Female,Jaboatão dos Guararapes,44496,1965/09/20
509,Randy Mabone,Dental Hygienist,Male,Boluo,71712,2001/10/07
510,Vivianna Romanetti,Senior Developer,Female,Luisiana,5166,1986/08/19
511,Ernesta Valance,Technical Writer,Female,Mandalay,79143,1952/09/14
512,Kaila Wield,Senior Cost Accountant,Female,Maslovare,60404,1994/12/10
513,Alex Beaven,Junior Executive,Female,Järfälla,4560,2017/07/07
514,Rockwell Cordet,Recruiting Manager,Male,Valparaíso,76912,1978/05/28
515,Hayes Woodeson,Budget/Accounting Analyst IV,Male,Nicoya,32435,1959/03/19
516,Schuyler Langham,Account Representative III,Male,Tayturka,1504,2021/02/14
517,Drusie Goding,Senior Financial Analyst,Female,Youdunjie,10424,1960/06/18
518,Quillan Hearons,Account Coordinator,Male,Roodepoort,65029,1950/11/18
519,Loren Prestner,Occupational Therapist,Female,Sumisip,83897,1985/12/17
520,Alanna Guerrero,Geologist I,Female,Valdemarsvik,71426,1992/06/03
521,Mozelle Derobert,Computer Systems Analyst II,Female,Prokhladnyy,68474,1956/12/23
522,Rudolfo Milroy,Pharmacist,Male,Jincheng,60604,1953/06/25
523,Almire Durrant,Operator,Female,Sansanné-Mango,61930,2020/05/27
524,Andras Kelsey,Research Associate,Male,Dzhankoy,73625,2017/10/17
525,Sandy Chislett,Pharmacist,Male,Songhe,73298,1977/12/18
526,Vinnie Antonignetti,Geological Engineer,Female,Sembakung,57861,1959/01/20
527,Miltie Turone,Dental Hygienist,Male,Chifeng,54484,1997/09/25
528,Brenden Corstorphine,Computer Systems Analyst I,Male,Khulm,62402,1954/02/19
529,Barbette Danzey,Clinical Specialist,Female,Karanlukh,8884,1977/01/01
530,Randy Yandle,Sales Representative,Female,Höshööt,96338,1999/07/13
531,Cris Buer,Account Representative III,Female,Stockholm,22256,1998/06/14
532,Dorry Stonebanks,Payment Adjustment Coordinator,Female,Cungkal,21284,1959/05/16
533,Noreen Glen,Analyst Programmer,Female,Dugongan,26091,2018/05/26
534,Barrie Stamp,VP Marketing,Male,Quinta da Queimada,34882,1990/04/29
535,Cherilyn Heindl,Food Chemist,Female,El Adelanto,3415,1979/09/21
536,Lotti Lodemann,Administrative Officer,Female,Sarpsborg,12380,1983/01/21
537,Nora Lenaghen,Business Systems Development Analyst,Female,Citundun,63680,1989/02/24
538,Dotty Tunbridge,Biostatistician IV,Female,Mancos,17201,1968/04/06
539,Red Elsmere,Civil Engineer,Male,Thap Khlo,31496,1992/05/19
540,Douglass Courtonne,Computer Systems Analyst II,Male,Puyehue,33485,1960/06/21
541,Sheryl Mcimmie,Human Resources Assistant III,Female,Réo,90848,1963/09/08
542,Forrest Garrity,VP Accounting,Male,Guáimaro,50171,1981/01/27
543,Penelopa Macconachy,Statistician I,Female,Dasht-e Qal‘ah,79889,1994/10/29
544,Gayla Ritson,Quality Engineer,Female,El Hamma,2784,1958/12/06
545,Octavius Bridgstock,Research Associate,Male,Sel’tso,67372,2017/08/07
546,Larry Waine,Electrical Engineer,Male,Lagasit,72402,2010/09/12
547,Normie Escott,Occupational Therapist,Male,Lanipao,28070,2005/12/03
548,Silvio Cotelard,Administrative Assistant III,Male,Säffle,67681,2018/04/02
549,Kathrine Bremley,Associate Professor,Female,Bayangol,42618,1997/06/29
550,Martha Bynold,Internal Auditor,Female,Gostovići,6022,2012/10/08
551,Eleen Tenant,Systems Administrator II,Female,Lipnik,39191,1975/09/24
552,Worthy Churchman,Financial Analyst,Male,Batudulang,59758,1968/01/27
553,Oby Pryde,Paralegal,Male,La Romana,12043,1995/07/14
554,Cristionna Blasetti,Physical Therapy Assistant,Female,Bellavista,21229,1982/01/10
555,Alair Shobbrook,Sales Associate,Male,Sydney,77483,1955/05/10
556,Isaac Lingard,Editor,Male,Nikolina Gora,1406,2013/09/08
557,Johnath Guirardin,Web Designer IV,Female,Currais,63355,1951/04/09
558,Philly Bummfrey,Human Resources Manager,Female,Nowy Korczyn,51151,1950/07/12
559,Rochelle Singyard,Recruiting Manager,Female,Tougan,45000,2003/02/28
560,Ulrick Kliemchen,Nurse,Male,Horní Počaply,96605,1980/05/14
561,Edgardo Krates,Nuclear Power Engineer,Male,Pak Chom,66230,1988/05/22
562,Hugibert McLucas,Clinical Specialist,Male,Petaling Jaya,55273,1976/06/08
563,Reube Baert,Statistician I,Male,Czeremcha,50494,1991/08/05
564,Tobiah Coppens,Senior Financial Analyst,Male,Nanyang,87476,2007/11/06
565,Germaine Alderman,Nurse Practicioner,Female,Tinawagan,65655,2009/01/12
566,Nolan Andries,Senior Financial Analyst,Male,San Jacinto,28171,2022/09/21
567,Lindsy Shear,Accountant IV,Female,Wenceslau Braz,35543,2011/03/11
568,Brennan Chotty,Analyst Programmer,Male,Lidong,76878,1958/06/05
569,Griffith O'Gready,Internal Auditor,Male,Rokem Barat,93129,1959/03/11
570,Dianne Lamminam,Web Developer IV,Female,Lebane,86402,1976/09/10
571,Marj Blackall,Geological Engineer,Female,Chistopol’,9520,1957/08/04
572,Dilan Clemitt,Graphic Designer,Male,Changcun,63768,1995/02/09
573,Bord Ralling,Software Test Engineer III,Male,Taiyang,49519,1973/08/29
574,Clayson McCosker,Actuary,Male,Skole,84178,1980/08/05
575,Lorry Goaley,Assistant Manager,Male,Tamorot,30549,2022/07/25
576,Xerxes Nisen,GIS Technical Architect,Male,Novorossiysk,80671,1953/04/23
577,Nikki Scheffler,Assistant Media Planner,Female,Meishan,77031,1995/09/27
578,Kip Mustill,Pharmacist,Male,Jieshan,14857,2014/03/13
579,Karita Apfel,Clinical Specialist,Female,Alor Setar,56192,1979/05/11
580,Milo Zanuciolii,Civil Engineer,Male,Fenggang,39310,1978/02/27
581,Fernando Haskins,Registered Nurse,Male,Strasbourg,98203,1999/01/26
582,Maxie Milella,Nurse,Male,Kanungu,49096,2013/02/21
583,Elaine Pontin,Help Desk Operator,Female,Bratsigovo,20254,1987/05/04
584,Alix Martynka,Assistant Professor,Female,Dibba Al-Fujairah,62344,1951/06/18
585,Burch Bauckham,Operator,Male,Ciudad Choluteca,96288,1987/02/02
586,Hakeem Koch,Paralegal,Male,Coasa,79631,2004/02/01
587,Arnaldo McKeag,Design Engineer,Male,Gangtun,97793,2011/12/28
588,Merry Walduck,Health Coach II,Male,Liuhou,74133,2018/12/19
589,Oralia Samsonsen,Staff Scientist,Female,Aībak,41903,1958/04/08
590,Steffen Beardmore,Financial Analyst,Male,Kagoro,7269,1979/10/31
591,Ingra Varfolomeev,VP Quality Control,Male,Pantang,78293,1988/01/24
592,Birch Drane,Information Systems Manager,Male,Gaigeturi,97912,1987/02/01
593,Julianne Ugoletti,Data Coordinator,Female,Dayushu,93040,1993/07/16
594,Ulick Loisi,Chemical Engineer,Male,Ubud,63005,1959/09/05
595,Livvy Gecks,Teacher,Female,Chao,59555,2004/09/05
596,Joelynn Shurlock,Teacher,Female,Narach,21100,2007/12/15
597,Melamie Churchley,VP Quality Control,Female,Sumberagung,93533,1983/10/10
598,Maddie Mulheron,Registered Nurse,Male,Fengshan,94396,1982/10/18
599,Darleen Keeble,Social Worker,Female,San Quintin,71610,2002/12/31
600,Jerrie Geffen,Occupational Therapist,Female,Huangchen,73535,2004/02/11
601,Salomon Austick,Nurse,Male,Seixal,37605,1984/11/23
602,Lindsey Smalles,Chief Design Engineer,Male,Pervomays’ke,83972,1999/12/31
603,Meir Heritege,Analyst Programmer,Male,Mumen,24963,2019/02/24
604,Penn O'Fielly,Assistant Professor,Male,Saint-Herblain,18778,1965/02/15
605,Brook Stenner,Desktop Support Technician,Male,Novocherkassk,17483,1955/08/04
606,Leona Boulton,Research Nurse,Female,Nybro,26789,1967/08/18
607,Nancee Geindre,Professor,Female,Kawangu,5484,1953/11/12
608,Kalila Gonoude,Technical Writer,Female,Jiabei,65814,2004/06/03
609,Taryn Zack,Desktop Support Technician,Female,Beroroha,16368,1998/11/14
610,Northrop Ricks,Product Engineer,Male,Dunhao,41026,1960/02/23
611,Callida Birth,Food Chemist,Female,Bektemir,66214,2004/08/23
612,Saunderson Trevarthen,Mechanical Systems Engineer,Male,Rencun,98260,1981/01/03
613,Min Mundwell,Software Test Engineer I,Female,Stryszów,72108,2001/05/14
614,Clerc Lawles,Accounting Assistant I,Male,Melaka,92048,2016/06/23
615,Jordan Lovstrom,Statistician IV,Male,Oyem,43262,1960/09/13
616,Edmund Stollsteiner,Nurse Practicioner,Male,Konggar,12031,1959/06/25
617,Emilio Huntar,Analyst Programmer,Male,Bianzhuang,20283,1999/08/22
618,Even Clausen,Budget/Accounting Analyst II,Male,Dolna Banya,61559,1988/03/03
619,Heidi Raft,Chief Design Engineer,Female,Ibaan,30733,1968/10/19
620,Munmro Summerlie,Engineer II,Male,Kabongan Kidul,85395,2013/04/09
621,Grange Sibly,Financial Advisor,Male,Cerro Corá,61399,2022/03/07
622,Katrine Baldery,Dental Hygienist,Female,Chabařovice,9438,1996/12/15
623,Tally Saltwell,GIS Technical Architect,Female,Ashcroft,89728,1953/03/02
624,Michel Ixor,Nurse Practicioner,Male,Cabanas,25287,1954/05/03
625,Ardith Winmill,Developer II,Female,Liupai,16210,1983/06/24
626,Irwinn Rearden,Recruiting Manager,Male,Bayan Hure,67112,2020/04/13
627,Ly Fishbourne,Tax Accountant,Male,Březí,62180,1965/06/09
628,Rodney Carus,Editor,Male,Boronów,49304,1972/08/19
629,Hedy Linskill,VP Accounting,Female,Cimalati,3736,2020/10/11
630,Rahal Abbyss,Account Representative III,Female,Bakalang,64703,1964/02/29
631,Muffin O'Mailey,Director of Sales,Male,Ban Na San,31221,1987/06/02
632,Niccolo Petican,Account Coordinator,Male,Khal’ch,42676,2013/05/02
633,Bettina Fleg,Software Engineer I,Female,Uitenhage,26338,2001/02/06
634,Minette Priddie,Accounting Assistant II,Female,Wunat,86161,1984/02/11
635,Shanna Beardow,Administrative Assistant II,Female,Lieyu,6400,1963/12/03
636,Marv Jans,Analog Circuit Design manager,Male,Bielawa,91543,2015/08/11
637,Abe Dibben,Account Executive,Male,Anabar,10491,2016/03/28
638,Lainey Paridge,Software Consultant,Female,Sokolniki,99021,1986/07/20
639,Gloriana Thunders,Accounting Assistant II,Female,Herrán,20238,1994/09/10
640,Sampson Yakob,Speech Pathologist,Male,Utena,74825,2017/12/03
641,Kilian Boshell,Accounting Assistant III,Male,Antony,87603,1995/07/31
642,Bing Colvill,Executive Secretary,Male,Kota Bharu,12973,2003/05/07
643,Julianne Bellee,Nuclear Power Engineer,Female,Gračanica,97980,1986/01/15
644,Rozella Ogley,Programmer IV,Female,Janeng,56438,2023/11/27
645,Jessamyn Mish,Senior Cost Accountant,Female,Beidou,51110,1966/06/13
646,Phebe Danslow,Dental Hygienist,Female,Coroatá,22979,2011/12/01
647,Woodrow Ferrino,Tax Accountant,Male,Tandil,81287,1968/10/28
648,Hillery Robertis,Cost Accountant,Male,Sidem,97366,2002/05/24
649,Keir McKnockiter,Design Engineer,Male,Gushikawa,19280,1997/10/27
650,Gerome Clynman,Electrical Engineer,Male,Haarlem,56187,1978/06/29
651,Heidi Harwood,Staff Scientist,Female,Kawangu,65365,1995/07/04
652,Belita Wyleman,Senior Quality Engineer,Female,São Domingos do Maranhão,67536,1979/07/10
653,Petunia Warcop,Payment Adjustment Coordinator,Female,Buraen,35216,1980/12/10
654,Killy Wase,Cost Accountant,Male,Amahusu,2299,1980/11/05
655,Sophie Wallicker,Dental Hygienist,Female,Anserma,35043,2017/07/08
656,Neall Hindrich,Assistant Manager,Male,Tala,62781,1998/01/24
657,Bear Bratch,Geologist I,Male,Castleblayney,81597,2019/11/29
658,Angelique Haythorn,Administrative Assistant IV,Female,Wassu,5531,1970/04/10
659,Romola Crace,Senior Editor,Female,Taunggyi,17361,1952/10/31
660,Maria MacDonald,Executive Secretary,Female,Chongwen,3625,1987/02/27
661,Rory Tyrwhitt,Systems Administrator III,Male,Irecê,17142,1955/05/22
662,Elyse Lowin,Research Nurse,Female,Marne-la-Vallée,73590,2009/01/24
663,Marcella Methuen,Database Administrator II,Female,Barengkok Hilir,94420,2017/10/13
664,Kev Simonazzi,Pharmacist,Male,Mancha Khiri,14629,1995/10/15
665,Grant Etienne,Social Worker,Male,Yufa,94448,1950/01/31
666,Bear Nehls,Business Systems Development Analyst,Male,Huili,18475,1961/01/05
667,Etta Abercrombie,Editor,Female,Selkirk,8426,2002/03/14
668,Adey Sammonds,Marketing Manager,Female,Saposoa,54901,1989/11/21
669,Lyon Handman,Professor,Male,Smyshlyayevka,45696,2014/10/19
670,Bree Terren,Desktop Support Technician,Female,Archis,23020,2012/09/28
671,Pembroke Ash,Teacher,Male,Shicheng,77475,2019/01/26
672,Alford Foster,Research Assistant I,Male,Barbacena,43752,2003/11/27
673,Catlee O'Nowlan,Geological Engineer,Female,Carregueira,90182,2007/08/06
674,Drona Spuffard,Internal Auditor,Female,Ängelholm,41539,1952/11/30
675,Aurthur Goldsby,Systems Administrator I,Male,Roubaix,72463,1963/07/22
676,Carmine Pozer,Professor,Male,Concepción de La Vega,52941,1980/03/22
677,Milicent Hinnerk,Senior Editor,Female,Suwałki,61010,2017/06/19
678,Danyelle Crowche,GIS Technical Architect,Female,Lípa,2996,1983/05/22
679,Alonso Maharg,Software Consultant,Male,Potiskum,58085,1950/11/16
680,Aluin Awton,Senior Quality Engineer,Male,Wuluo,24574,1999/02/26
681,Jessalyn Mebs,VP Product Management,Female,Pilcomay,28238,1971/07/06
682,Niels Habberjam,Budget/Accounting Analyst I,Male,Andaray,56597,2005/02/09
683,Batholomew Lowthian,Cost Accountant,Male,Girijaya,84615,1995/11/18
684,Cicely Trappe,Senior Financial Analyst,Female,Aurora,50582,1978/06/30
685,Damara Sheekey,Marketing Manager,Female,Changsheng,26254,1955/12/30
686,Chrotoem Millson,Desktop Support Technician,Male,Gunung Sugih,90966,1963/11/05
687,Hieronymus Robley,Senior Sales Associate,Male,Palaihari,13414,2014/10/25
688,Wilbur Durbin,Physical Therapy Assistant,Male,Polepy,2178,1994/10/15
689,Ringo Ragbourn,Safety Technician I,Male,Dengtang,27202,1998/12/22
690,Davidde Barrick,Automation Specialist I,Male,Le Hochet,20713,2007/04/12
691,Corinna Beretta,Developer II,Female,Alilem,13603,1992/07/25
692,Hewe Sinnock,Quality Control Specialist,Male,Néa Pélla,89046,1959/03/23
693,Riva Coull,Professor,Female,Pisões,84595,2014/07/23
694,Consuelo Reames,Computer Systems Analyst IV,Female,Bernardo de Irigoyen,65803,1969/12/21
695,Philipa Sandbrook,Account Coordinator,Female,Dahe,93488,2007/06/09
696,Isaiah Weerdenburg,Assistant Professor,Male,Vyzhnytsya,83776,1951/03/19
697,Carolan Launchbury,Editor,Female,Paraiso,81799,1975/03/05
698,Madelyn Walhedd,Quality Engineer,Female,Novyy Svit,79707,2018/07/05
699,Godfrey Wigan,Speech Pathologist,Male,Troitsk,62191,1967/09/14
700,Benjy Winridge,Design Engineer,Male,Jingchuan,43078,1953/01/27
701,Peri Gibbard,Budget/Accounting Analyst III,Female,Oliveira,29867,1965/10/24
702,Candi Varns,Computer Systems Analyst II,Female,Lukhovka,71010,2020/09/23
703,Viole Chiese,Chemical Engineer,Female,Ystad,40587,1977/05/02
704,Gil Pluvier,Mechanical Systems Engineer,Male,Yushu,13690,2017/02/19
705,Terra Hexam,Accounting Assistant II,Female,Неготино,44251,1959/10/24
706,Romona Losseljong,Office Assistant III,Female,Florida,74466,1997/05/20
707,Giraud Bulfoot,Marketing Manager,Male,La Curva,65629,1951/05/02
708,Car Eaglesham,Cost Accountant,Male,Obolensk,62297,2000/10/08
709,Shamus Threadgall,Physical Therapy Assistant,Male,Yuxarı Aran,29140,1957/02/10
710,Rena Gian,Financial Advisor,Female,Ban Lam Luk Ka,91292,1990/04/10
711,Aldin MacMichael,Nurse,Male,Xinzhou,28516,1966/09/22
712,Englebert Finey,Product Engineer,Male,Preston,8906,1965/05/28
713,Fabian Belhomme,Community Outreach Specialist,Male,Vinhais,15772,2007/07/08
714,Marylynne Nutting,Assistant Manager,Female,Zhongba,41619,2020/11/04
715,Olenka Hynard,Chief Design Engineer,Female,Stavanger,70586,1964/04/24
716,Raychel Swinford,Research Nurse,Female,Jesús María,55691,1957/11/20
717,Bobinette Skelhorn,Administrative Assistant II,Female,Grzmiąca,20508,1981/12/09
718,Sharia Van der Brug,Administrative Officer,Female,Cilongkrang,85742,1966/11/26
719,Floyd Middlemist,Librarian,Male,San José de Colinas,94465,1992/03/28
720,Swen MacCaull,Internal Auditor,Male,Lyubeshiv,65012,1966/03/01
721,Lennie Simonite,Quality Control Specialist,Male,Vitória de Santo Antão,5625,2009/11/11
722,Carleen Leebeter,Database Administrator II,Female,Huitong,81423,1994/07/20
723,Lorraine Buchanan,Computer Systems Analyst IV,Female,Tukan,76413,2010/04/13
724,Theo Windress,VP Product Management,Female,Uinskoye,99333,1959/11/10
725,Susi Bunnell,Automation Specialist I,Female,Hukeng,96382,1975/02/17
726,Janos Magill,Research Assistant II,Male,La Sarrosa,34197,1952/05/04
727,Parnell Dalyell,Environmental Tech,Male,Kelowna,37027,2020/07/26
728,Paddie Beatty,Senior Financial Analyst,Male,Huangbei,27213,1976/05/05
729,Fran Pacey,Automation Specialist IV,Female,Jarānwāla,61828,1984/07/08
730,Harlan Coleborn,Associate Professor,Male,Lisičani,52773,2008/01/19
731,Pete Silcox,Desktop Support Technician,Male,Ringinagung,75296,1986/09/24
732,Gifford Girhard,Payment Adjustment Coordinator,Male,Bakovci,21850,2021/10/20
733,Filide Debow,Programmer Analyst I,Female,Tsiatsan,20738,2020/03/04
734,Skippy Enos,Accountant IV,Male,Kesha,46968,1972/01/15
735,Layton Colquete,Developer I,Male,Zamora,25698,1958/07/26
736,Rosella Catanheira,Research Assistant III,Female,Starotitarovskaya,79195,1972/02/26
737,Gerhardt Comley,Office Assistant II,Male,Thị Trấn Cao Phong,37217,2009/07/15
738,Adolphus Shafe,Database Administrator II,Male,Capela,36331,2020/10/05
739,Teodora Fransewich,Internal Auditor,Female,Innisfil,88330,1997/08/15
740,Zsazsa Pharrow,Marketing Manager,Female,Cergy-Pontoise,17051,1996/07/26
741,Sarajane Scogin,Help Desk Technician,Female,Évry,36737,1977/08/24
742,Lorenzo Jeffree,Senior Editor,Male,Jazovo,14683,1988/11/11
743,Miguel Robardey,Project Manager,Male,Notre-Dame-des-Prairies,21963,1984/10/07
744,Kelci Guerrero,Financial Analyst,Female,Hexi,71320,1968/09/27
745,Jacklin Neem,General Manager,Female,Al Ḩajar al Aswad,80422,1997/08/31
746,Gilligan Clue,Account Executive,Female,Trélissac,89316,1999/02/11
747,Gill Volk,Associate Professor,Male,Desovo,4373,1956/03/14
748,Lindie Farman,Assistant Manager,Female,Taihe,32543,1999/01/15
749,Travers Innes,Geologist I,Male,Dalo,15012,1957/07/17
750,Elnar Rosevear,General Manager,Male,Aparecida,81939,2000/11/05
751,Junette Brandli,Pharmacist,Female,La Huaca,61096,2016/03/30
752,Lief Tippell,Technical Writer,Male,Nakhon Phanom,67443,2021/07/08
753,Symon Struss,Health Coach II,Male,Yashikera,42564,2021/12/29
754,Etti Domleo,Nurse Practicioner,Female,Owando,48465,2014/09/07
755,Maire Driussi,Sales Representative,Female,Sasayama,39330,1978/09/14
756,Marley Winthrop,Editor,Female,Vysotskoye,53948,2008/07/23
757,Dick Couve,Speech Pathologist,Male,Xomong,70813,1977/09/25
758,Alphard Allberry,Software Test Engineer I,Male,Casisang,70042,1974/03/21
759,Beniamino Fey,Research Associate,Male,Eindhoven,55485,1967/09/09
760,Flemming Lavarack,Software Engineer II,Male,Dowan,15333,1991/04/11
761,Gabriel MacDonogh,Account Coordinator,Male,Longhua,56891,1954/12/06
762,Anthea Goadbie,Teacher,Female,Mossoró,5898,1971/08/26
763,Emilio Fishburn,Recruiting Manager,Male,Yuetang,39489,2001/08/15
764,Lenka Vannini,Automation Specialist I,Female,Laúndos,73829,1976/06/22
765,Huey Dood,Structural Engineer,Male,Chumen,67547,2000/07/28
766,Benson Seely,Account Executive,Male,Conceição das Alagoas,53358,1968/07/29
767,Lexie Kleinmintz,Media Manager I,Female,Tāybād,66212,1964/08/01
768,Astrix Hovenden,Automation Specialist III,Female,Pingyang,93131,2010/01/09
769,Jude Peasgood,Electrical Engineer,Male,Teongtoda,15500,2023/06/15
770,Gregory Domniney,Software Test Engineer III,Male,Kuroiso,32231,1981/06/17
771,Erek Ciccotto,Programmer Analyst IV,Male,Moose Jaw,6300,1957/12/06
772,Engelbert Vegas,Junior Executive,Male,Savigny-le-Temple,43166,1970/11/11
773,Fonz Hilldrup,Programmer Analyst IV,Male,Fenghuangshan,5507,1978/11/23
774,Lucina Peerman,Account Coordinator,Female,Long Thành,70567,1986/02/21
775,Padget Munsey,Professor,Male,Purwodadi,53148,2015/03/02
776,Gerri Lamberts,Analyst Programmer,Female,Odrinhas,24311,1958/01/30
777,Glenna Bratley,Sales Associate,Female,Kaesŏng,80462,2010/02/02
778,Nickie Gammie,Data Coordinator,Male,Colonia Nicolich,1484,1996/05/26
779,Gretel Aldwich,Safety Technician II,Female,Chitagá,82274,1954/04/21
780,Jemmy Cantero,VP Quality Control,Female,Jinjing,10224,2004/04/06
781,Lynea Lerwell,Professor,Female,Kouvola,94738,2000/08/15
782,Luther Maden,Associate Professor,Male,Leworook,3610,1975/12/01
783,Kerrin Ledson,Mechanical Systems Engineer,Female,Geneina,7188,2003/06/17
784,Tabby Harteley,Software Consultant,Male,Jakusko,73245,1985/07/11
785,Mattheus Jaulme,VP Quality Control,Male,Chaoyang,9998,1950/03/03
786,Mathew Aizlewood,Executive Secretary,Male,Ungca,68176,1989/12/11
787,Hunt Stoyell,Information Systems Manager,Male,Mekarsari,65732,2002/04/21
788,Thekla Kuhwald,Clinical Specialist,Female,Kokofata,14747,2004/04/02
789,Daffy Curson,Nurse,Female,Gongbuxue,93896,1959/01/15
790,Alaric Thomason,Research Assistant III,Male,Quiling,56405,1986/08/10
791,Curtice Surmon,Assistant Manager,Male,Coulommiers,11654,2002/06/19
792,Carlos Summerscales,Legal Assistant,Male,Tuochuan,87255,2016/07/16
793,Constantine Renard,Health Coach III,Female,Niono,1389,1984/04/28
794,Erie Lattka,VP Quality Control,Male,Mošorin,82333,1995/09/19
795,Alfy Coveney,Programmer II,Male,Borova,99581,1964/02/09
796,Dulcy Spores,Account Executive,Female,Kambaxoi,48749,1987/05/12
797,Gloriane Orrin,Human Resources Assistant IV,Female,Matnah,94992,1959/07/11
798,Joe Burrus,Computer Systems Analyst IV,Male,Fenghuang,38971,1975/02/15
799,Franzen Dwane,Data Coordinator,Male,Kibre Mengist,42592,1999/04/04
800,Norby Peizer,Account Coordinator,Male,Lupane,6240,1970/02/01
801,Fanya Cardenas,Software Test Engineer IV,Female,Laoxingchang,44586,1984/02/29
802,Karrah Gyrgorwicx,Design Engineer,Female,Pho Thale,92073,2023/12/27
803,Drucill Tibb,General Manager,Female,Itaituba,20454,1981/05/23
804,Fran Dumbrill,Senior Editor,Male,Bellavista,87745,2012/12/16
805,Willamina Sowersby,VP Sales,Female,Rungis,23698,1993/01/09
806,El Sambedge,Nurse Practicioner,Male,Kali,76138,2009/05/03
807,Christal Ferre,Professor,Female,Bolnisi,67498,1995/02/13
808,Bobbi Lusted,Executive Secretary,Female,Nanshan,54815,2020/04/10
809,Bar McIver,Junior Executive,Male,Laranjal Paulista,91734,1988/02/15
810,Broderick Targetter,Geologist IV,Male,Černošice,21440,1996/02/24
811,Nicolea Pietesch,VP Accounting,Female,Lobitos,48101,1982/05/08
812,Lettie De la Harpe,Analog Circuit Design manager,Female,Duczki,96199,1980/03/30
813,Barby Belfit,Physical Therapy Assistant,Female,Atawutung,23187,1976/02/25
814,Nelly Scotchforth,Technical Writer,Female,Sucun,42546,2008/11/07
815,Erasmus Petyt,Chemical Engineer,Male,Sijiqing,71839,1980/12/11
816,Jodi Haime,Marketing Assistant,Male,Otavi,95442,1995/06/15
817,Mureil Tune,Chief Design Engineer,Female,Besole,90074,1973/04/19
818,Alayne Bellworthy,Actuary,Female,Caminaca,2998,1952/02/24
819,Ulric McAllister,Business Systems Development Analyst,Male,Antonio Toledo Corro,43563,1989/04/28
820,Prescott Timmes,Professor,Male,Lianshan,41083,2008/09/04
821,Batholomew Medina,Assistant Manager,Male,Bragança,63671,1992/08/08
822,Quintina Fillingham,Pharmacist,Female,Zhuting,51541,1995/05/24
823,Shayne Feake,Research Nurse,Female,Al Jawādīyah,34520,1988/04/17
824,Kassi Balfour,Human Resources Manager,Female,Yeping,6394,1958/02/25
825,Kenn Janecek,Computer Systems Analyst II,Male,Liujiagou,59183,1978/07/15
826,Emelen Freestone,Senior Editor,Male,Béja,93117,1965/07/23
827,Annabelle Hrus,Director of Sales,Female,Tirapata,50785,1982/01/26
828,Bronny Skatcher,Speech Pathologist,Male,Ballyhaunis,85136,1985/02/04
829,Steven Bagby,Mechanical Systems Engineer,Male,Mchinji,3003,2011/05/29
830,Missie Tuff,Programmer Analyst II,Female,Maiwal,17265,1991/08/26
831,Gert Rogan,Safety Technician IV,Female,Balin,51126,1956/04/22
832,Patience Bumpas,Civil Engineer,Female,Bassila,95385,1987/05/24
833,Mayne Smithe,Mechanical Systems Engineer,Male,Al Jīb,29328,2001/04/09
834,Jaclyn Ogbourne,Cost Accountant,Female,Otuzco,76191,1951/03/25
835,Kristan Janek,Marketing Assistant,Female,Pakel,58028,2008/10/16
836,Korry Ewert,Software Engineer I,Female,Huangcun,76829,1970/01/31
837,Pasquale Deller,Structural Engineer,Male,La Guadalupe,94617,2010/05/08
838,Hortensia Remnant,Web Developer I,Female,Shishan,4041,1967/04/19
839,Cordey Pochet,Account Coordinator,Female,Leipzig,60814,2002/05/26
840,Dud Dod,Graphic Designer,Male,Sujiatuo,73829,2013/08/27
841,Kikelia Verner,Research Associate,Female,Toulouse,29040,2020/05/16
842,Chrotoem Blackater,VP Product Management,Male,Shaogongzhuang,34131,1974/06/27
843,Celisse Bingell,Social Worker,Female,Estância,7228,1954/09/08
844,Rriocard Sibbons,Statistician IV,Male,Lanckorona,21934,2006/11/13
845,Ynez Reimers,Pharmacist,Female,Baiqiao,18099,1993/11/30
846,Lennard Hulks,Help Desk Operator,Male,Wuluhan,41683,1965/08/27
847,Etti Horsefield,Business Systems Development Analyst,Female,Caper,65926,1979/09/19
848,Sidnee Dupre,Analog Circuit Design manager,Male,Ash Shajarah,80039,1958/08/03
849,Rosanne Dahlback,Staff Accountant II,Female,Karanglo,52812,1952/01/27
850,Frederick Bordessa,Paralegal,Male,Aveiro,15602,1998/12/21
851,Wesley Larner,Database Administrator II,Male,Comodoro Rivadavia,9497,1995/10/17
852,Louis MacCartan,Design Engineer,Male,Kamimaruko,83496,1993/04/28
853,Maryanna Suatt,Administrative Assistant II,Female,Žandov,29341,2005/02/18
854,Melloney Fitchen,Financial Analyst,Female,Luoshan,15135,1971/03/06
855,Danit Schohier,Nurse,Female,Qimeng,66368,1958/12/07
856,Camille Syalvester,Pharmacist,Female,Faīẕābād,33376,2008/09/28
857,Cosimo Crawshay,Mechanical Systems Engineer,Male,Bafoussam,75639,2011/02/02
858,Lemuel Rihosek,Financial Analyst,Male,Zhangzhen,91744,1972/05/12
859,Shannen Cadalleder,Information Systems Manager,Female,Tucano,24400,2008/03/21
860,Row Heffy,Research Nurse,Female,Rawaapu,39846,1952/06/13
861,Roderic Kittless,Recruiting Manager,Male,Páchni,76708,1956/05/18
862,Robert Vynarde,Sales Associate,Male,Moncton,54862,1956/11/22
863,Ryun Welsby,VP Sales,Male,Kalpáki,36151,2013/12/15
864,Ingra Healks,Cost Accountant,Male,Emiliano Zapata,6385,1956/09/18
865,Sauveur Grabb,Environmental Specialist,Male,Fanhu,4287,1997/05/02
866,Dan Burgiss,Staff Scientist,Male,Vitória do Mearim,51377,1968/12/27
867,Gun Venus,Developer III,Male,Lunel,36666,1985/01/02
868,Saraann Gatty,Environmental Tech,Female,Novopokrovka,73856,2000/06/19
869,Frieda Doggerell,Recruiting Manager,Female,Zuyevka,42899,2014/06/03
870,Felix Scotchbrook,Senior Financial Analyst,Male,Tiegai,21597,1990/09/09
871,Correy Romeuf,Legal Assistant,Female,Kauman,72773,2000/11/12
872,Cosette Weatherup,Electrical Engineer,Female,München,75431,1956/09/04
873,Elisabet Van Ross,Technical Writer,Female,Mangli,33822,1965/08/02
874,Cherlyn Ramalhete,Senior Cost Accountant,Female,Puzi,44217,2001/05/03
875,Louie Boyle,General Manager,Male,Kyzylorda,53514,1954/01/19
876,Ardine Robeson,Structural Engineer,Female,Sadananya,21103,2019/09/27
877,Odele Pelling,Human Resources Manager,Female,Novalja,16210,1970/05/20
878,Kendricks Sabates,Nurse,Male,Shuiying,56379,1991/09/27
879,Mariejeanne Matteuzzi,Marketing Manager,Female,Urechcha,89065,1951/11/26
880,Portia Junes,Electrical Engineer,Female,Wattala,84686,2012/06/05
881,Joelle McCobb,Web Designer II,Female,Ijuw,48794,1958/05/01
882,Barbi Girodias,General Manager,Female,Cikadu,21304,1975/04/03
883,Paulette Saunderson,Marketing Assistant,Female,Taraz,93460,2022/12/18
884,Gloria Mieville,Administrative Assistant III,Female,Paracuru,13449,1987/11/19
885,Drucy Scole,Database Administrator IV,Female,Az Zarqā,63726,1981/01/28
886,Rowland Edwicker,Software Consultant,Male,Rybno,86666,1993/06/01
887,Roxanna Diggles,Legal Assistant,Female,Västra Frölunda,34942,1996/03/03
888,Gina Burfield,Geologist I,Female,Kolondiéba,5124,1999/04/24
889,Seth Vasilechko,Food Chemist,Male,Tamansari,89196,1955/09/05
890,Selena Rockliffe,Web Designer I,Female,Ballyhaunis,60646,1953/08/25
891,Tamarah Forty,Assistant Media Planner,Female,Rangpur,33178,1954/02/15
892,Agata Gavahan,VP Product Management,Female,La Jutosa,40256,2016/07/14
893,Richy Friday,Librarian,Male,Malusac,94007,1990/01/11
894,Cristian Oda,Quality Engineer,Male,Sindang,54790,1979/07/01
895,Aldus Moger,Staff Accountant IV,Male,Longjie,95003,1962/10/28
896,Mariette Baty,Teacher,Female,Cliza,11574,2021/06/03
897,Zitella Gun,Staff Accountant I,Female,Varjota,10119,1973/01/22
898,Alphard Sarjent,Human Resources Assistant IV,Male,Rasony,33705,1973/07/09
899,Abdul Crofts,Systems Administrator II,Male,Villa Francisca,81013,1972/03/28
900,Inness Vallance,Payment Adjustment Coordinator,Male,Stockholm,42612,2010/08/09
901,Barbara Frarey,VP Marketing,Female,Oslo,80977,1964/09/13
902,Cinda Luard,Geologist I,Female,La Calera,82304,1982/10/23
903,Emerson Broomer,Legal Assistant,Male,Perechyn,62854,1996/08/10
904,Robbi Bolles,Occupational Therapist,Female,Huacachi,27002,1960/07/20
905,Isabella Daville,Software Engineer III,Female,Llacanora,28910,1962/01/31
906,Murielle Wicklen,Structural Engineer,Female,Portland,77712,1995/10/02
907,Cesar Cossum,VP Accounting,Male,Wierzbica,19740,1990/11/04
908,Terencio Cubbin,Safety Technician III,Male,Palekastro,7404,1995/08/19
909,Aggi Oyley,Design Engineer,Female,La Montañita,22504,1954/06/27
910,Temp Loveredge,Nurse Practicioner,Male,Pouso Alegre,22690,1973/08/21
911,Ginger Skillern,Dental Hygienist,Male,Isabela,86203,1968/12/03
912,Mitch Englishby,Geological Engineer,Male,Avarua,94557,2005/08/18
913,Della Poff,Account Executive,Female,Gongju,94268,1956/09/12
914,Demetrius Bartos,VP Accounting,Male,Piraju,92744,2010/11/10
915,Ninette Freddi,VP Product Management,Female,Jepat Kidul,87592,1988/06/04
916,Carolan Tootal,Safety Technician IV,Female,Bicurga,13352,1950/07/11
917,Clea Imlaw,Senior Cost Accountant,Female,Rtishchevo,97930,1981/03/22
918,Wilmar Hallahan,Teacher,Male,Beauvais,99561,2002/10/09
919,Darnell Connerly,Account Executive,Male,Piña,92674,2000/01/21
920,Marcia Lezemere,Help Desk Operator,Female,Cikondang,57594,1986/04/22
921,Elke Ruck,Systems Administrator II,Female,Lebel-sur-Quévillon,91713,2000/07/21
922,Samuele Esby,Tax Accountant,Male,Marseille,60821,1958/03/21
923,Suzette Prose,VP Product Management,Female,Hutou,6197,1952/10/20
924,Allyce Hillock,Senior Sales Associate,Female,Eschweiler,60278,2018/05/01
925,Giffy Fellini,VP Sales,Male,Dolores,8214,1960/08/29
926,Cam Pfaffe,Media Manager IV,Male,Guangfu,55273,1979/01/17
927,Iosep Leppingwell,Speech Pathologist,Male,Calapan,94959,1995/05/11
928,Everard Molesworth,Legal Assistant,Male,Suyo,24428,1997/12/27
929,Linoel Fenkel,Dental Hygienist,Male,Mougins,54888,1957/08/21
930,Lavena Anthon,Legal Assistant,Female,Boluo,87164,1982/01/06
931,Vitia Gutherson,Assistant Media Planner,Female,Bzenec,25963,2004/07/26
932,Freddie Fonzone,Social Worker,Female,Téra,80367,1960/09/14
933,Glenn Keefe,VP Marketing,Male,Limenária,72474,2015/05/26
934,Adria Olexa,Teacher,Female,Pandasan,57041,1987/07/11
935,Lydia Narup,Assistant Media Planner,Female,Perstorp,94369,2019/06/04
936,Godwin Corselles,Software Engineer III,Male,Rouen,54456,1966/07/17
937,Ericka Witheridge,Analyst Programmer,Female,Khu Khan,6204,1953/02/11
938,Burlie Musterd,Assistant Professor,Male,Tigbaw,72288,2020/06/18
939,Billie Mogey,Senior Editor,Male,Hongsihu,64595,1997/07/31
940,Waly Peevor,Associate Professor,Female,Tapon,41207,1960/10/11
941,Dex Piller,Senior Cost Accountant,Male,Jiucheng,47868,1977/08/17
942,Maddie Harby,Web Designer II,Male,Cipari,76491,1963/09/05
943,Heida Shildrick,Information Systems Manager,Female,Yuxi,42448,1959/05/17
944,Kareem Kiehl,Database Administrator II,Male,Mahābād,31253,1967/05/23
945,Nelson Bolam,Speech Pathologist,Male,El Porvenir,12101,2001/01/16
946,Montague Ayshford,Budget/Accounting Analyst I,Male,Kurovskoye,89227,2023/09/25
947,Ira Franchioni,Engineer II,Male,Xinqiao,74489,1995/02/21
948,Lawry Suggey,Staff Accountant IV,Male,Outlook,71189,1963/10/12
949,Mack McAllister,Database Administrator II,Male,San Rafael del Sur,59349,2002/03/31
950,Delia Stear,Operator,Female,Hengqiao,31453,2017/11/30
951,Bearnard Hallahan,Analyst Programmer,Male,Pursat,69758,1990/12/07
952,Morgen Gowdy,Tax Accountant,Male,Simpang,83502,1998/02/10
953,Jobina Tebbe,Structural Analysis Engineer,Female,Bungo-Takada-shi,72404,1983/08/18
954,Artur Van Cassel,Health Coach IV,Male,Cavadas,89887,1997/01/13
955,Arnaldo Oldcote,Associate Professor,Male,Tashkent,43296,1957/03/31
956,Briano Muck,Structural Analysis Engineer,Male,Shangmachang,75449,1991/02/26
957,Derrek Vasquez,Systems Administrator III,Male,Udachny,3155,2023/10/16
958,Colman McPherson,Administrative Officer,Male,Las Toscas,95410,1986/09/20
959,Any Sturr,Accountant I,Male,Chicago,45877,1991/11/19
960,Sharron Phizakarley,Marketing Assistant,Female,Nikolayevskaya,97972,1991/10/19
961,Brittney Bloodworthe,Occupational Therapist,Female,Jinchuan,56337,1986/02/19
962,Thacher Grosvenor,Product Engineer,Male,Samanggen,82184,1957/10/07
963,Rafferty Boykett,Project Manager,Male,Ampanihy,53352,1979/04/30
964,Emilia Baudou,Staff Scientist,Female,Amper,11539,1968/12/15
965,Lyndell Puffett,Senior Sales Associate,Female,Mananum,67704,1952/07/21
966,Roldan Giannassi,Structural Analysis Engineer,Male,Trnava,47852,2003/01/07
967,Nanon Lagden,Librarian,Female,Killorglin,7815,1999/06/13
968,Miranda Alwen,Human Resources Assistant IV,Female,Purworejo,68615,2008/12/01
969,Fairfax Bruyntjes,Actuary,Male,Negla,76420,2019/12/18
970,Nadean Whibley,Legal Assistant,Female,Mranggen,19360,2004/11/05
971,Findley Henworth,Operator,Male,Philipsburg,59903,1976/03/07
972,Verne Hartly,Research Nurse,Male,Popil'nya,50954,1955/09/04
973,Fleur Upjohn,Statistician II,Female,Qaţanah,31805,2020/06/19
974,Jasmin Menendez,Analog Circuit Design manager,Female,Bergen,26854,1999/03/25
975,Rolf Maffucci,Sales Associate,Male,Sembung,70784,2004/06/14
976,Kissie Archard,Professor,Female,Itzig,22782,2022/11/18
977,Danie Inskipp,Information Systems Manager,Male,Anse Royale,49385,1984/11/29
978,Llewellyn Pero,VP Marketing,Male,Kota Kinabalu,72160,1992/03/23
979,Jerald Lennie,Senior Quality Engineer,Male,Salitrillos,70079,2021/06/09
980,Darryl Haensel,Occupational Therapist,Male,Baião,50974,2017/09/11
981,Abram Brewitt,VP Sales,Male,Vargas,54211,1969/09/30
982,Tyne Shenfish,Teacher,Female,San Bernardino,22734,1972/04/10
983,Lindsy Sheilds,Tax Accountant,Female,Tarbes,30500,2004/01/04
984,Armand Imeson,Assistant Media Planner,Male,Kolonia Town,4056,1978/11/19
985,Chelsea Byer,Sales Representative,Female,Castellon De La Plana/Castello De La Pla,26842,1971/09/01
986,Piggy Mazella,GIS Technical Architect,Male,Żabbar,32518,1973/12/23
987,Lauren Figg,Recruiting Manager,Female,Shani,25156,1985/10/01
988,Federica Windibank,Geologist II,Female,Chiquinquirá,32181,1969/09/10
989,Silvester McVrone,Environmental Specialist,Male,Netvořice,9266,1973/04/01
990,Sasha Dolbey,Physical Therapy Assistant,Female,Kebon Tengah,59242,1986/11/21
991,Sunshine Hupe,Staff Accountant I,Female,Itapaci,40950,2013/10/21
992,Regine Round,Pharmacist,Female,Międzybrodzie Bialskie,20739,1986/09/05
993,Darcy Milksop,Engineer III,Male,Temperak,97387,1995/03/20
994,Rod Craster,Community Outreach Specialist,Male,Boro Utara,91709,2002/01/16
995,Riannon Petrakov,Recruiter,Female,Dasanlian Lauk,57056,2022/01/05
996,Thane Johnson,Geologist III,Male,Point Pedro,88838,1953/08/25
997,Muriel Hellmer,Administrative Assistant III,Female,Tennō,75313,1992/06/13
998,Gianna Woodstock,Biostatistician III,Female,Matur,13624,2003/03/26
999,Lamar Haile,Office Assistant III,Male,Markópoulo Oropoú,87722,1960/01/24
1000,Enrica Bertelet,Computer Systems Analyst IV,Female,Maubara,91543,1984/12/19
